{"cameraMode":{"drawMode":0,"name":"Shaded","section":"Shading Mode"},"sceneLighting":true,"audioPlay":false,"sceneViewState":{"m_AlwaysRefresh":false,"showFog":true,"showSkybox":true,"showFlares":true,"showImageEffects":true,"showParticleSystems":true,"showVisualEffectGraphs":true,"m_FxEnabled":true},"in2DMode":false,"pivot":{"x":-3.658987522125244,"y":2.9476823806762697,"z":-2.2992441654205324},"rotation":{"x":0.025771548971533777,"y":0.052454158663749698,"z":-0.0013507794355973602,"w":0.9982995390892029},"size":7.703291416168213,"orthographic":false}